company,contact,country,price,item
Skin Studio,+46892022914,Ireland,55181₽,weakness
Classy Collections,+79411630554,Slovakia,46334₽,administration
Makeup Maven,+85393032589,Nicaragua,44078₽,family
Lash Lounge,+85137913183,"Congo, Democratic Republic of the",14724₽,stranger
Chic Boutique,+95450656557,Vietnam,86024₽,tennis
Elite Elegance,+46348498889,Benin,95061₽,indication
Posh Patterns,+49679961441,Saint Lucia,95075₽,hair
Haute Hues,+17667558827,Dominica,92073₽,sample
Clipper Cuts,+4583581304,Montenegro,93637₽,office
Salon Suites,+65596924661,Syria,70738₽,dad
Posh Patterns,+6527927749,Cambodia,62108₽,administration
Fashion Forward,+7838182971,China,80972₽,library
Trendsetting Tailors,+55585425951,Maldives,23621₽,employee
Classy Chic,+67504219698,Bosnia and Herzegovina,28974₽,definition
Crisp Creations,+65775555373,Suriname,69775₽,secretary
Fashion Forward,+14392762397,Mongolia,37537₽,injury
Makeup Maven,+35112500486,Benin,17973₽,advertising
Body Bliss,+0192032237,Ethiopia,40492₽,revenue
Clipper Cuts,+69606020845,Sudan,86629₽,hair
Modish Mannequins,+8941843411,Swaziland,89955₽,signature
Lash Lounge,+46368339123,Saint Kitts and Nevis,70232₽,marriage
Nail Nook,+20847728383,Saudi Arabia,69509₽,drama
Stellar Stitches,+6748125878,Comoros,10009₽,development
Fashion Fusion,+32482389522,Venezuela,47703₽,fishing
Brow Boosters,+71493278647,Bolivia,95333₽,tea
Salon Suites,+29814756364,China,28235₽,height
Clipper Cuts,+51260274780,Haiti,20360₽,definition
Wellness World,+49699749251,Germany,28656₽,height
Sleek Styles,+4323448805,Estonia,44616₽,republic
Fashion Fusion,+52370775432,Turkey,22959₽,advertising
Fine Fabrics,+35231352052,Oman,69900₽,sample
Beauty Bar,+74344916067,Nepal,31820₽,agreement
Sleek Styles,+30659016297,Spain,73293₽,steak
Lash Lounge,+23445693456,Kiribati,11113₽,stranger
Sleek Styles,+1556534272,Somalia,84250₽,tennis
Chic Couture,+36292871162,Jamaica,92321₽,awareness
Body Bliss,+85380333271,New Zealand,91231₽,selection
Refined Rags,+10349997994,"Korea, North",77292₽,mixture
Crisp Creations,+17324720278,Haiti,69011₽,love
Stellar Stitches,+38162518656,Benin,85403₽,distribution
Brow Boosters,+70189596003,Fiji,66359₽,classroom
Clipper Cuts,+56427750924,Bangladesh,24364₽,county
Glamour Galore,+91247382617,East Timor (Timor-Leste),30719₽,cookie
Classy Collections,+96660519036,Uzbekistan,88030₽,revenue
Stellar Stitches,+7205643684,Iceland,67640₽,analyst
Glow Getter,+77196200125,Serbia,21253₽,drama
Refined Rags,+54251100406,Venezuela,48780₽,advice
Beauty Bar,+10279263510,Tanzania,48764₽,explanation
Body Bliss,+70884533362,Tunisia,98031₽,cell
Beauty Bar,+74640620701,Cape Verde,54880₽,organization
Salon Suites,+75202005473,Estonia,23038₽,cell
Fine Fabrics,+38712010591,Lithuania,16491₽,woman
Makeup Maven,+27262375538,Antigua and Barbuda,58592₽,computer
Makeup Maven,+38466763376,Nepal,36780₽,revenue
Lash Lounge,+28533220827,Uganda,70200₽,fishing
Chic Boutique,+7354095739,Kuwait,27324₽,breath
Elite Elegance,+84179391428,Senegal,95076₽,cookie
Brow Boosters,+56491753117,Tonga,97791₽,advice
Fashion Fusion,+33270212868,Vanuatu,23807₽,pie
Trendsetting Tailors,+42430301448,Kosovo,15779₽,injury
Glamour Galore,+47644426572,Macedonia,97575₽,hair
Fashion Fusion,+9493849014,Mexico,15168₽,emphasis
Brow Boosters,+22398389144,Central African Republic,54983₽,love
Glamour Galore,+43767923870,Spain,90967₽,maintenance
Chic Couture,+26725417747,Chad,66358₽,perception
Urban Upmarket,+9976204052,Spain,12874₽,description
Dapper Designs,+53723149734,San Marino,46351₽,love
Trendsetting Tailors,+73291545690,"Congo, Democratic Republic of the",79326₽,series
Smart Styles,+83529667481,Malaysia,77998₽,distribution
Haute Hues,+16464664315,Jamaica,99991₽,affair
Sleek Styles,+4434774625,Comoros,59791₽,buyer
Chic Couture,+46714010523,Tuvalu,45951₽,signature
Dapper Designs,+40101307608,East Timor (Timor-Leste),82777₽,series
Chic Couture,+66461840163,Bangladesh,98046₽,agreement
Skin Studio,+52797931088,Saint Vincent and the Grenadines,70089₽,weakness
Fashion Fusion,+80450498222,Iceland,83612₽,contract
Brow Boosters,+75116761717,Cambodia,10074₽,stranger
Brow Boosters,+9629001447,Angola,55554₽,advertising
Glow Getter,+54665073085,"Korea, North",37588₽,wood
Sophisticated Sewing,+29487752673,Greece,59379₽,departure
Lash Lounge,+87579166293,Kosovo,91775₽,buyer
Glamour Galore,+51392317455,Jordan,56161₽,advertising
Beauty Bar,+23608530392,Honduras,55277₽,sample
Body Bliss,+82495195626,Japan,39336₽,employment
Stellar Stitches,+54704326710,Netherlands,66286₽,user
Stylish Silhouettes,+3097465078,Jamaica,51486₽,language
Salon Suites,+55634216246,Mauritius,93856₽,analyst
Classy Collections,+63870047277,Turkmenistan,17882₽,selection
Stellar Stitches,+34143521489,Latvia,22272₽,hat
Crisp Creations,+19573608119,Zambia,16707₽,passenger
Sleek Styles,+76412740424,Algeria,71499₽,agreement
Salon Suites,+50411429228,Sweden,37623₽,dad
Crisp Creations,+79343674370,Djibouti,64979₽,newspaper
Nail Nook,+60268701924,Central African Republic,74078₽,development
